{"classification_report": {"adenocarcinoma": {"precision": 0.9175257731958762, "recall": 0.89, "f1-score": 0.9035532994923858, "support": 100}, "benign": {"precision": 0.9803921568627451, "recall": 1.0, "f1-score": 0.99009900990099, "support": 100}, "squamous_cell_carcinoma": {"precision": 0.9108910891089109, "recall": 0.92, "f1-score": 0.9154228855721394, "support": 100}, "accuracy": 0.9366666666666666, "macro avg": {"precision": 0.9362696730558441, "recall": 0.9366666666666666, "f1-score": 0.9363583983218383, "support": 300}, "weighted avg": {"precision": 0.9362696730558442, "recall": 0.9366666666666666, "f1-score": 0.9363583983218384, "support": 300}}}