{"classification_report": {"adenocarcinoma": {"precision": 0.8848920863309353, "recall": 0.82, "f1-score": 0.8512110726643598, "support": 150}, "benign": {"precision": 0.9802631578947368, "recall": 0.9933333333333333, "f1-score": 0.9867549668874172, "support": 150}, "squamous_cell_carcinoma": {"precision": 0.8490566037735849, "recall": 0.9, "f1-score": 0.8737864077669903, "support": 150}, "accuracy": 0.9044444444444445, "macro avg": {"precision": 0.9047372826664191, "recall": 0.9044444444444445, "f1-score": 0.9039174824395891, "support": 450}, "weighted avg": {"precision": 0.9047372826664191, "recall": 0.9044444444444445, "f1-score": 0.9039174824395892, "support": 450}}}